Transaction Date,Posted Date,Description,Category,Debit,Credit,Transaction Amount
2024-07-31,2024-07-31,UBER EATS,Dining,49.93,,-49.93
2024-07-30,2024-07-30,UBER EATS,Dining,26.46,,-26.46
2024-07-29,2024-07-30,UBER EATS,Dining,26.87,,-26.87
2024-07-29,2024-07-30,UBER TRIP,Other Travel,12.1,,-12.1
2024-07-29,2024-07-30,UBER TRIP,Other Travel,14.7,,-14.7
2024-07-29,2024-07-29,TST* LOLITA COCINA & T,Dining,93,,-93
2024-07-28,2024-07-29,UBER TRIP,Other Travel,9.72,,-9.72
2024-07-27,2024-07-29,EXXON FAZIO ENTERPRISE,Gas/Automotive,11.67,,-11.67
2024-07-27,2024-07-29,WHOLEFDS INK #10513,Merchandise,1.67,,-1.67
2024-07-26,2024-07-29,ALI BABA RESTAURANT,Dining,44.94,,-44.94
2024-07-26,2024-07-27,PANERA BREAD #202118 K,Dining,20.83,,-20.83
2024-07-26,2024-07-27,THE UPS STORE 945,Other Services,30.78,,-30.78
2024-07-24,2024-07-27,LAUNDRY ULTRA 61796943,Other Services,2,,-2
2024-07-25,2024-07-26,UBER TRIP,Other Travel,20.86,,-20.86
2024-07-24,2024-07-25,UBER EATS,Dining,48.9,,-48.9
2024-07-24,2024-07-24,UBER EATS,Dining,40.96,,-40.96
2024-07-24,2024-07-24,UBER EATS,Dining,19.27,,-19.27
2024-07-23,2024-07-24,UBER EATS,Dining,45.15,,-45.15
2024-07-22,2024-07-23,UBER EATS,Dining,18.86,,-18.86
2024-07-22,2024-07-23,UBER EATS,Dining,25.55,,-25.55
2024-07-21,2024-07-22,MED*BETH ISRAEL LAHEY,Health Care,25,,-25
2024-07-22,2024-07-22,UBER EATS,Dining,32.9,,-32.9
2024-07-21,2024-07-22,UBER EATS,Dining,43.18,,-43.18
2024-07-20,2024-07-22,UBER EATS,Dining,4.25,,-4.25
2024-07-20,2024-07-22,UBER EATS,Dining,28.83,,-28.83
2024-07-20,2024-07-22,DD *DOORDASHDASHPASS,Dining,9.99,,-9.99
2024-07-19,2024-07-20,BOSTON KITCHEN PIZZA.,Dining,12.63,,-12.63
2024-07-19,2024-07-20,UBER EATS,Dining,3.53,,-3.53
2024-07-19,2024-07-20,UBER EATS,Dining,19.82,,-19.82
2024-07-19,2024-07-20,UBER TRIP,Other Travel,67.83,,-67.83
2024-07-19,2024-07-20,UBER TRIP,Other Travel,42.98,,-42.98
2024-07-19,2024-07-20,UBER TRIP,Other Travel,38.05,,-38.05
2024-07-14,2024-07-19,UBER ONE STMT CRED,Other Travel,,9.99,9.99
2024-07-18,2024-07-19,WHOLEFDS INK #10513,Merchandise,83.77,,-83.77
2024-07-19,2024-07-19,UBER EATS,Dining,26.63,,-26.63
2024-07-18,2024-07-19,UBER EATS,Merchandise,36.63,,-36.63
2024-07-17,2024-07-18,COOKUNITY INC,Merchandise,109.98,,-109.98
2024-07-14,2024-07-18,LAUNDRY ULTRA 61796943,Other Services,1.2,,-1.2
2024-07-16,2024-07-17,ATT* BILL PAYMENT,Phone/Cable,152.46,,-152.46
2024-07-17,2024-07-17,UBER EATS,Dining,4.12,,-4.12
2024-07-17,2024-07-17,UBER EATS,Dining,27.26,,-27.26
2024-07-17,2024-07-17,UBER TRIP,Other Travel,23.93,,-23.93
2024-07-16,2024-07-17,GOOGLE*COLAB,Other Services,9.99,,-9.99
2024-07-16,2024-07-17,UBER EATS,Dining,31.35,,-31.35
2024-07-14,2024-07-17,LAUNDRY ULTRA 61796943,Other Services,2,,-2
2024-07-14,2024-07-17,LAUNDRY ULTRA 61796943,Other Services,5,,-5
2024-07-14,2024-07-16,LAUNDRY ULTRA 61796943,Other Services,5,,-5
2024-07-14,2024-07-16,30723 BHAC BROOKLINE,Entertainment,25,,-25
2024-07-15,2024-07-15,UBER EATS,Dining,52.83,,-52.83
2024-07-14,2024-07-15,UBER EATS,Dining,46,,-46
2024-07-14,2024-07-15,UBER ONE,Other Travel,9.99,,-9.99
2024-07-13,2024-07-15,UBER EATS,Dining,25.18,,-25.18
2024-07-13,2024-07-15,UBER EATS,Dining,4.4,,-4.4
2024-07-13,2024-07-15,UBER TRIP,Other Travel,37.67,,-37.67
2024-07-12,2024-07-13,WHOLEFDS INK #10513,Merchandise,28.12,,-28.12
2024-07-13,2024-07-13,UBER EATS,Dining,72.92,,-72.92
2024-07-12,2024-07-13,UBER EATS,Dining,,6.6,6.6
2024-07-12,2024-07-12,UBER EATS,Dining,4.61,,-4.61
2024-07-12,2024-07-12,UBER EATS,Dining,34.75,,-34.75
2024-07-11,2024-07-11,OPENAI *CHATGPT SUBSCR,Merchandise,20,,-20
2024-07-11,2024-07-11,UBER TRIP,Other Travel,23.45,,-23.45
2024-07-09,2024-07-10,PARCHMENT-UNIV DOCS,Internet,8,,-8
2024-07-09,2024-07-10,UBER EATS,Dining,24.07,,-24.07
2024-07-09,2024-07-09,CREDIT-CASH BACK REWARD,Payment/Credit,,211.5,211.5
2024-07-09,2024-07-09,CAPITAL ONE MOBILE PYMT,Payment/Credit,,3464,3464
2024-07-08,2024-07-09,WEGMANS CHESTNUT HILL#,Merchandise,95.91,,-95.91
2024-07-08,2024-07-09,UBER EATS,Dining,41.87,,-41.87
2024-07-08,2024-07-09,UBER EATS,Merchandise,37.95,,-37.95
2024-07-08,2024-07-08,UBER EATS,Dining,24.74,,-24.74
2024-07-06,2024-07-08,7-ELEVEN 34396,Gas/Automotive,23.45,,-23.45
2024-07-07,2024-07-08,LinkedIn Pre P93529254,Other Services,39.99,,-39.99
2024-07-07,2024-07-08,NETFLIX.COM,Phone/Cable,22.99,,-22.99
2024-07-07,2024-07-08,UBER EATS,Dining,4.44,,-4.44
2024-07-06,2024-07-08,UBER EATS,Dining,36,,-36
2024-07-06,2024-07-08,UBER TRIP,Other Travel,26.53,,-26.53
2024-07-06,2024-07-06,UBER EATS,Dining,29.14,,-29.14
2024-07-05,2024-07-06,UBER EATS,Dining,3.88,,-3.88
2024-07-05,2024-07-06,UBER EATS,Dining,29.92,,-29.92
2024-07-05,2024-07-06,UBER TRIP,Other Travel,21.9,,-21.9
2024-07-05,2024-07-06,UBER TRIP,Other Travel,21.3,,-21.3
2024-07-04,2024-07-05,UBER EATS,Dining,31.95,,-31.95
2024-07-03,2024-07-05,BU FITREC ECOM,Other,14,,-14
2024-07-03,2024-07-04,UBER EATS,Dining,36.06,,-36.06
2024-07-03,2024-07-04,COOKUNITY INC,Merchandise,109.98,,-109.98
2024-07-03,2024-07-03,UBER EATS,Dining,3.88,,-3.88
2024-07-02,2024-07-03,UBER EATS,Dining,18.53,,-18.53
2024-07-02,2024-07-03,UBER TRIP,Other Travel,19.41,,-19.41
2024-07-02,2024-07-03,UBER TRIP,Other Travel,12.65,,-12.65
2024-07-02,2024-07-02,UBER EATS,Dining,31.61,,-31.61
2024-07-01,2024-07-02,ABC*30850-BSC,Entertainment,74.99,,-74.99
2024-07-01,2024-07-02,Audible*R72OL60E0,Other Services,16.15,,-16.15
2024-07-01,2024-07-02,AMZN MKTP US*RC8V33IR1,Merchandise,74.36,,-74.36
2024-07-01,2024-07-02,UBER EATS,Merchandise,30.88,,-30.88
2024-07-01,2024-07-01,UBER EATS,Dining,22.75,,-22.75
2024-07-01,2024-07-01,UBER TRIP,Other Travel,22.6,,-22.6
2024-06-30,2024-07-01,UBER EATS,Dining,8.85,,-8.85
2024-06-30,2024-07-01,UBER EATS,Merchandise,3,,-3
2024-06-30,2024-07-01,IMENUPRO,Merchandise,15,,-15
2024-06-30,2024-07-01,AMAZON MKTPL*RC9600DD2,Merchandise,70.65,,-70.65
2024-06-30,2024-07-01,UBER TRIP,Other Travel,34.54,,-34.54
2024-06-29,2024-07-01,UBER TRIP,Other Travel,26.13,,-26.13
2024-06-28,2024-06-29,CSCMA LLC,Entertainment,50,,-50
2024-06-28,2024-06-29,WEGMANS CHESTNUT HILL#,Merchandise,179.31,,-179.31
2024-06-28,2024-06-28,UBER EATS,Dining,56.09,,-56.09
2024-06-26,2024-06-27,UBER EATS,Dining,3.41,,-3.41
2024-06-26,2024-06-27,UBER EATS,Dining,31.96,,-31.96
2024-06-25,2024-06-27,7-ELEVEN 34396,Gas/Automotive,24.08,,-24.08
2024-06-26,2024-06-27,COOKUNITY INC,Merchandise,109.92,,-109.92
2024-06-26,2024-06-27,UBER TRIP,Other Travel,30.33,,-30.33
2024-06-26,2024-06-26,UBER EATS,Dining,48.08,,-48.08
2024-06-24,2024-06-25,IRASHAI SUSHI AND TERI,Dining,73.01,,-73.01
2024-06-23,2024-06-25,7-ELEVEN 32480,Gas/Automotive,36.28,,-36.28
2024-06-23,2024-06-24,AMAZON.COM*RG4L23QA1,Merchandise,13.8,,-13.8
2024-06-23,2024-06-24,UBER EATS,Dining,21.43,,-21.43
2024-06-23,2024-06-24,UBER EATS,Dining,22.26,,-22.26
2024-06-22,2024-06-24,VERSUS,Dining,5,,-5
2024-06-23,2024-06-24,SP INZER ADVANCE DES,Merchandise,157.59,,-157.59
2024-06-22,2024-06-24,7-ELEVEN 35659,Gas/Automotive,20.97,,-20.97
2024-06-22,2024-06-24,MBTA TUFTS,Other Travel,4.8,,-4.8
2024-06-23,2024-06-24,UBER EATS,Dining,3.38,,-3.38
2024-06-23,2024-06-24,UBER EATS,Dining,29.4,,-29.4
2024-06-21,2024-06-24,THE CLAYROOM,Merchandise,33.13,,-33.13
2024-06-22,2024-06-24,UBER TRIP,Other Travel,22.96,,-22.96
2024-06-22,2024-06-24,SQUADUPBOSTONPIZZATIX,Entertainment,35.48,,-35.48
2024-06-21,2024-06-22,TST* BAB KOREAN BISTRO,Dining,46,,-46
2024-06-21,2024-06-22,UBER EATS,Dining,3.33,,-3.33
2024-06-21,2024-06-22,UBER EATS,Dining,20.2,,-20.2
2024-06-20,2024-06-22,30850 BSC DOWNTOWN,Entertainment,20,,-20
2024-06-20,2024-06-21,CHIPOTLE 1653,Dining,10.27,,-10.27
2024-06-21,2024-06-21,UBER TRIP,Other Travel,26.66,,-26.66
2024-06-21,2024-06-21,FH* THE CLAYROOM,Entertainment,31.8,,-31.8
2024-06-20,2024-06-21,DD *DOORDASHDASHPASS,Dining,9.99,,-9.99
2024-06-18,2024-06-21,LAUNDRY ULTRA 61796943,Other Services,3.2,,-3.2
2024-06-18,2024-06-21,LAUNDRY ULTRA 61796943,Other Services,5,,-5
2024-06-20,2024-06-20,UBER EATS,Dining,2.76,,-2.76
2024-06-20,2024-06-20,UBER EATS,Dining,22.29,,-22.29
2024-06-20,2024-06-20,UBER TRIP,Other Travel,17.02,,-17.02
2024-06-19,2024-06-20,UBER TRIP,Other Travel,8,,-8
2024-06-19,2024-06-20,UBER TRIP,Other Travel,16.1,,-16.1
2024-06-19,2024-06-20,COOKUNITY INC,Merchandise,109.98,,-109.98
2024-06-18,2024-06-20,LAUNDRY ULTRA 61796943,Other Services,3.45,,-3.45
2024-06-18,2024-06-20,LAUNDRY ULTRA 61796943,Other Services,5,,-5
2024-06-19,2024-06-20,UBER TRIP,Other Travel,4.65,,-4.65
2024-06-14,2024-06-19,UBER ONE STMT CRED,Other Travel,,9.99,9.99
2024-06-19,2024-06-19,UBER EATS,Dining,34.88,,-34.88
2024-06-18,2024-06-19,ENVATO 68660099,Professional Services,62,,-62
2024-06-16,2024-06-19,LAUNDRY ULTRA 61796943,Other Services,1,,-1
2024-06-16,2024-06-19,LAUNDRY ULTRA 61796943,Other Services,5,,-5
2024-06-16,2024-06-18,LAUNDRY ULTRA 61796943,Other Services,0.2,,-0.2
2024-06-16,2024-06-18,LAUNDRY ULTRA 61796943,Other Services,5,,-5
2024-06-16,2024-06-18,LAUNDRY ULTRA 61796943,Other Services,5,,-5
2024-06-17,2024-06-18,7-ELEVEN 34396,Gas/Automotive,31.84,,-31.84
2024-06-17,2024-06-17,UBER EATS,Dining,28.41,,-28.41
2024-06-16,2024-06-17,UBER EATS,Dining,30.4,,-30.4
2024-06-16,2024-06-17,UBER EATS,Dining,3.78,,-3.78
2024-06-15,2024-06-17,PAYPAL *LAPOINTE528,Professional Services,85,,-85
2024-06-16,2024-06-17,GOOGLE *Colab,Internet,9.99,,-9.99
2024-06-16,2024-06-17,UBER EATS,Dining,61.25,,-61.25
2024-06-15,2024-06-17,WEGMANS CHESTNUT HILL#,Merchandise,15.16,,-15.16
2024-06-14,2024-06-15,FROYOWORLD ALSTON,Dining,21.41,,-21.41
2024-06-14,2024-06-15,ATT* BILL PAYMENT,Phone/Cable,152.46,,-152.46
2024-06-14,2024-06-15,UBER EATS,Dining,3.43,,-3.43
2024-06-14,2024-06-15,UBER EATS,Dining,34.37,,-34.37
2024-06-14,2024-06-15,UBER ONE,Other Travel,9.99,,-9.99
2024-06-14,2024-06-15,UBER TRIP,Other Travel,19.24,,-19.24
2024-06-13,2024-06-14,TST* BAB AL YEMEN,Dining,273.61,,-273.61
2024-06-13,2024-06-14,UBER EATS,Dining,21.04,,-21.04
2024-06-13,2024-06-14,UBER TRIP,Other Travel,3.78,,-3.78
2024-06-13,2024-06-14,FH* THE CLAYROOM,Entertainment,190.8,,-190.8
2024-06-13,2024-06-14,UBER TRIP,Other Travel,27.04,,-27.04
2024-06-13,2024-06-13,TST* CITYSIDE TAVERN -,Dining,113,,-113
2024-06-13,2024-06-13,CAMILLEROSENATURALS.CO,Merchandise,35.2,,-35.2
2024-06-12,2024-06-13,UBER EATS,Dining,27.88,,-27.88
2024-06-12,2024-06-13,CSCMA LLC,Entertainment,20,,-20
2024-06-12,2024-06-13,COOKUNITY INC,Merchandise,108.92,,-108.92
2024-06-11,2024-06-12,UBER EATS,Dining,20.9,,-20.9
2024-06-11,2024-06-11,OPENAI *CHATGPT SUBSCR,Merchandise,20,,-20
2024-06-11,2024-06-11,UBER EATS,Dining,29.27,,-29.27
2024-06-10,2024-06-11,UBER TRIP,Other Travel,2.07,,-2.07
2024-06-09,2024-06-10,FILARMONICA SANTO ANTO,Dining,8,,-8
2024-06-09,2024-06-10,TST* LA SAISON BAKERY,Dining,3.75,,-3.75
2024-06-10,2024-06-10,UBER TRIP,Other Travel,15.43,,-15.43
2024-06-10,2024-06-10,UBER TRIP,Other Travel,32.53,,-32.53
2024-06-09,2024-06-10,CSCMA LLC,Entertainment,20,,-20
2024-06-08,2024-06-10,CHIPOTLE 1250,Dining,3.37,,-3.37
2024-06-08,2024-06-10,CHIPOTLE 1250,Dining,10.81,,-10.81
2024-06-08,2024-06-10,TST* THE FRIENDLY TOAS,Dining,42.54,,-42.54
2024-06-08,2024-06-10,UBER EATS,Dining,33.07,,-33.07
2024-06-07,2024-06-08,WHOLEFDS INK #10513,Merchandise,82.91,,-82.91
2024-06-08,2024-06-08,UBER TRIP,Other Travel,34.02,,-34.02
2024-06-07,2024-06-08,NETFLIX.COM,Phone/Cable,22.99,,-22.99
2024-06-07,2024-06-07,LinkedIn Pre 102807835,Other Services,39.99,,-39.99
2024-06-06,2024-06-07,UBER EATS,Dining,20.56,,-20.56
2024-06-06,2024-06-07,UBER TRIP,Other Travel,18.79,,-18.79
2024-06-06,2024-06-07,UBER TRIP,Other Travel,26.5,,-26.5
2024-06-06,2024-06-06,CAPITAL ONE MOBILE PYMT,Payment/Credit,,3000,3000
2024-06-06,2024-06-06,CREDIT-CASH BACK REWARD,Payment/Credit,,245.37,245.37
2024-06-06,2024-06-06,UBER TRIP,Other Travel,26.61,,-26.61
2024-06-05,2024-06-06,UBER EATS,Dining,26.82,,-26.82
2024-06-05,2024-06-06,COOKUNITY INC,Merchandise,109.98,,-109.98
2024-06-04,2024-06-06,LAUNDRY ULTRA 61796943,Other Services,0.75,,-0.75
2024-06-04,2024-06-06,LAUNDRY ULTRA 61796943,Other Services,5,,-5
2024-06-05,2024-06-06,UBER EATS,Dining,37.2,,-37.2
2024-06-05,2024-06-05,UBER EATS,Dining,5.97,,-5.97
2024-06-05,2024-06-05,UBER EATS,Dining,25.78,,-25.78
2024-06-04,2024-06-05,UBER TRIP,Other Travel,13.43,,-13.43
2024-06-03,2024-06-05,LIFTING LARGE,Merchandise,176.11,,-176.11
2024-06-03,2024-06-04,FROYOWORLD ALSTON,Dining,14.33,,-14.33
2024-06-04,2024-06-04,UBER TRIP,Other Travel,21.68,,-21.68
2024-06-03,2024-06-04,UBER EATS,Dining,26.21,,-26.21
2024-06-03,2024-06-04,UBER EATS,Dining,28.96,,-28.96
2024-06-03,2024-06-04,UBER EATS,Dining,,16.75,16.75
2024-06-03,2024-06-03,UBER EATS,Dining,37.21,,-37.21
2024-06-03,2024-06-03,UBER TRIP,Other Travel,25.04,,-25.04
2024-06-02,2024-06-03,UBER TRIP,Other Travel,31.52,,-31.52
2024-06-02,2024-06-03,TARGET 00032268,Merchandise,5.73,,-5.73
2024-06-02,2024-06-03,BLUEPRINT STR COACHING,Other Services,5,,-5
2024-06-01,2024-06-03,CHIPOTLE 1250,Dining,10.81,,-10.81
2024-06-01,2024-06-03,ABC*30850-BSC,Entertainment,74.99,,-74.99
2024-06-01,2024-06-03,Audible*Z51PU9NR3,Other Services,16.15,,-16.15
2024-06-01,2024-06-03,UBER EATS,Dining,5.32,,-5.32
2024-06-01,2024-06-03,UBER EATS,Dining,37.62,,-37.62
2024-06-01,2024-06-03,UBER TRIP,Other Travel,8.62,,-8.62
2024-05-31,2024-06-01,CVS/PHARMACY #01199,Health Care,25.01,,-25.01
2024-05-31,2024-06-01,MBTA MTICKET,Other Travel,6.5,,-6.5
2024-05-30,2024-06-01,NAN XIANG EXPRESS,Dining,34.08,,-34.08
2024-05-31,2024-06-01,IMENUPRO,Merchandise,15,,-15
2024-05-31,2024-06-01,UBER EATS,Dining,3.92,,-3.92
2024-05-31,2024-06-01,UBER EATS,Dining,20.97,,-20.97
2024-05-31,2024-06-01,UBER TRIP,Other Travel,35.37,,-35.37
2024-03-21,2024-03-21,UBER EATS,Dining,36.14,,-36.14
2024-03-21,2024-03-21,UBER TRIP,Other Travel,10.34,,-10.34
2024-03-20,2024-03-21,UBER EATS,Dining,23.26,,-23.26
2024-03-20,2024-03-21,COOKUNITY INC,Merchandise,149.2,,-149.2
2024-03-18,2024-03-20,7-ELEVEN 32480,Gas/Automotive,25.22,,-25.22
2024-03-18,2024-03-20,TACO BELL 037044,Dining,16.01,,-16.01
2024-03-19,2024-03-20,UBER TRIP,Other Travel,24.86,,-24.86
2024-03-17,2024-03-19,BU FITREC ECOM,Other,14,,-14
2024-03-17,2024-03-19,30836 BSC ALLSTON,Entertainment,3.97,,-3.97
2024-03-18,2024-03-18,UBER TRIP,Other Travel,19.33,,-19.33
2024-03-17,2024-03-18,FARMER'S FRIDGE,Merchandise,12.73,,-12.73
2024-03-17,2024-03-18,UBER EATS,Dining,36.93,,-36.93
2024-03-16,2024-03-18,UBER TRIP,Other Travel,31,,-31
2024-03-16,2024-03-18,GOOGLE *Colab,Entertainment,9.99,,-9.99
2024-03-15,2024-03-16,WNDR MUSEUM,Entertainment,82,,-82
2024-03-15,2024-03-16,UBER TRIP,Other Travel,28.89,,-28.89
2024-03-15,2024-03-15,UBER EATS,Dining,53.95,,-53.95
2024-03-15,2024-03-15,UBER EATS,Dining,9.61,,-9.61
2024-03-14,2024-03-15,UBER EATS,Dining,34.54,,-34.54
2024-03-12,2024-03-14,30836 BSC ALLSTON,Entertainment,3.74,,-3.74
2024-03-13,2024-03-13,UBER TRIP,Other Travel,16.85,,-16.85
2024-03-13,2024-03-13,UBER TRIP,Other Travel,17.83,,-17.83
2024-03-11,2024-03-13,THE CLAYROOM,Merchandise,51,,-51
2024-03-11,2024-03-12,DOMINO'S 3784,Dining,26.42,,-26.42
2024-03-12,2024-03-12,UBER TRIP,Other Travel,29.78,,-29.78
2024-03-12,2024-03-12,UBER TRIP,Other Travel,36.31,,-36.31
2024-03-11,2024-03-12,FH* THE CLAYROOM,Entertainment,21.2,,-21.2
2024-03-10,2024-03-12,CSPESCAPE THE ROOM BOS,Merchandise,82,,-82
2024-03-11,2024-03-12,APPLE.COM/BILL,Entertainment,99.99,,-99.99
2024-03-11,2024-03-12,UBER TRIP,Other Travel,25.4,,-25.4
2024-03-10,2024-03-11,APPLE STORE #R149,Merchandise,3398.94,,-3398.94
2024-03-10,2024-03-11,ROCHE BROTHERS121,Merchandise,11.76,,-11.76
2024-03-10,2024-03-11,ROCHE BROTHERS121,Merchandise,153.82,,-153.82
2024-03-09,2024-03-11,COREANOS,Dining,20.28,,-20.28
2024-03-10,2024-03-11,7-ELEVEN 32480,Gas/Automotive,25.8,,-25.8
2024-03-09,2024-03-11,BU FITREC ECOM,Other,14,,-14
2024-03-09,2024-03-11,7-ELEVEN 33058,Gas/Automotive,23.74,,-23.74
2024-03-10,2024-03-11,UBER TRIP,Other Travel,16.42,,-16.42
2024-03-09,2024-03-11,FIVE GUYS MA 1753 QSR,Dining,6.41,,-6.41
2024-03-08,2024-03-09,WHOLEFDS INK #10513,Merchandise,87.07,,-87.07
2024-03-07,2024-03-08,DOMINO'S 3784,Dining,26.42,,-26.42
2024-03-07,2024-03-08,UBER EATS,Dining,34.6,,-34.6
2024-03-07,2024-03-08,AMZN MKTP US*R63WO44J0,Merchandise,21.24,,-21.24
2024-03-07,2024-03-07,LinkedIn Pre 931126017,Other Services,39.99,,-39.99
2024-03-06,2024-03-07,ATT* BILL PAYMENT,Phone/Cable,152.5,,-152.5
2024-03-06,2024-03-07,UBER EATS,Dining,32.88,,-32.88
2024-03-05,2024-03-07,7-ELEVEN 32480,Gas/Automotive,20.7,,-20.7
2024-03-06,2024-03-06,CAPITAL ONE MOBILE PYMT,Payment/Credit,,3000,3000
2024-03-05,2024-03-06,SWEETGREEN INK BLOCK,Dining,17.12,,-17.12
2024-03-05,2024-03-06,SQ *SHAKE SHACK,Dining,18.15,,-18.15
2024-03-04,2024-03-05,WENDY'S #8300,Dining,31.09,,-31.09
2024-03-03,2024-03-05,7-ELEVEN 32480,Gas/Automotive,25.8,,-25.8
2024-03-03,2024-03-05,COREANOS,Dining,14.93,,-14.93
2024-03-04,2024-03-04,UBER* TRIP,Other Travel,31.41,,-31.41
2024-03-03,2024-03-04,WHOLEFDS INK #10513,Merchandise,11.68,,-11.68
2024-03-03,2024-03-04,LUCKY STRIKE - 785 - B,Entertainment,33,,-33
2024-03-03,2024-03-04,TORI JAPAN,Dining,25.22,,-25.22
2024-03-04,2024-03-04,UBER TRIP,Other Travel,14.24,,-14.24
2024-03-04,2024-03-04,UBER TRIP,Other Travel,24.87,,-24.87
2024-03-03,2024-03-04,CHA KUNG FONG,Dining,13.86,,-13.86
2024-03-02,2024-03-04,7-ELEVEN 32480,Gas/Automotive,22.53,,-22.53
2024-03-02,2024-03-04,CHA KUNG FONG,Dining,14.12,,-14.12
2024-02-29,2024-03-04,IRASHAI SUSHI AND TERI,Dining,56,,-56
2024-03-02,2024-03-04,UBER TRIP,Other Travel,53.07,,-53.07
2024-03-02,2024-03-04,AMZN MKTP US*RN83U70M0,Merchandise,21.24,,-21.24
2024-03-02,2024-03-04,UBER TRIP,Other Travel,28.59,,-28.59
2024-03-02,2024-03-04,TST* LEVEL 99,Dining,39.98,,-39.98
2024-03-02,2024-03-04,TST* LEVEL 99,Dining,17.08,,-17.08
2024-03-02,2024-03-04,TST* LEVEL 99,Dining,57,,-57
2024-03-02,2024-03-04,TST* LEVEL 99,Dining,18.18,,-18.18
2024-03-01,2024-03-04,30850 BSC DOWNTOWN,Entertainment,3.74,,-3.74
2024-03-01,2024-03-04,WENDY'S #8300,Dining,7.47,,-7.47
2024-03-01,2024-03-04,WENDY'S #8300,Dining,20.79,,-20.79
2024-03-01,2024-03-02,Audible*RN4EY8TV0,Other Services,16.15,,-16.15
2024-03-01,2024-03-02,ABC*30850-BSC,Entertainment,37.5,,-37.5
2024-03-01,2024-03-01,UBER EATS,Dining,26.47,,-26.47
2024-02-29,2024-03-01,LEVEL99,Entertainment,59.98,,-59.98
2024-02-29,2024-03-01,IMENUPRO,Merchandise,15,,-15
2024-02-27,2024-02-29,30850 BSC DOWNTOWN,Entertainment,3.74,,-3.74
2024-02-27,2024-02-28,DOMINO'S 3784,Dining,45.6,,-45.6
2024-02-27,2024-02-28,AMZN Mktp US*RZ49U5930,Merchandise,27.61,,-27.61
2024-02-27,2024-02-28,7-ELEVEN 32480,Gas/Automotive,27,,-27
2024-02-26,2024-02-28,TACO BELL #735162,Dining,20.06,,-20.06
2024-02-26,2024-02-27,TST* PRIMA - CHARLESTO,Dining,112,,-112
2024-02-24,2024-02-27,30850 BSC DOWNTOWN,Entertainment,3.74,,-3.74
2024-02-25,2024-02-27,NAN XIANG EXPRESS,Dining,63.93,,-63.93
2024-02-25,2024-02-26,SWEETGREEN INK BLOCK,Dining,17.07,,-17.07
2024-02-25,2024-02-26,UBER TRIP,Other Travel,27.04,,-27.04
2024-02-25,2024-02-26,UBER TRIP,Other Travel,15.81,,-15.81
2024-02-25,2024-02-26,TST* CHICKEN AND RICE,Dining,14.95,,-14.95
2024-02-23,2024-02-26,TACO BELL #735162,Dining,17.51,,-17.51
2024-02-23,2024-02-24,SWEETGREEN INK BLOCK,Dining,16.05,,-16.05
2024-02-23,2024-02-24,ROCHE BROTHERS121,Merchandise,80.34,,-80.34
2024-02-22,2024-02-24,BU FITREC ECOM,Other,14,,-14
2024-02-23,2024-02-24,UBER TRIP,Other Travel,21.38,,-21.38
2024-02-23,2024-02-23,UBER TRIP,Other Travel,15.49,,-15.49
2024-02-21,2024-02-23,CHA KUNG FONG,Dining,7.97,,-7.97
2024-02-21,2024-02-23,7-ELEVEN 32480,Gas/Automotive,24.11,,-24.11
2024-02-21,2024-02-23,30850 BSC DOWNTOWN,Entertainment,3.74,,-3.74
2024-02-21,2024-02-22,DOUBLETREE WISTERIA RS,Dining,9.26,,-9.26
2024-02-20,2024-02-22,TACO BELL #735162,Dining,11.75,,-11.75
2024-02-21,2024-02-22,UBER EATS,Dining,56.99,,-56.99
2024-02-19,2024-02-21,7-ELEVEN 32480,Gas/Automotive,12.13,,-12.13
2024-02-19,2024-02-19,UBER TRIP,Other Travel,22.57,,-22.57
2024-02-17,2024-02-19,MARUICHI JAPANESE FOOD,Merchandise,6.76,,-6.76
2024-02-18,2024-02-19,UBER EATS,Dining,81.68,,-81.68
2024-02-17,2024-02-19,30850 BSC DOWNTOWN,Entertainment,3.74,,-3.74
2024-02-17,2024-02-19,THE CLAYROOM,Merchandise,36.13,,-36.13
2024-02-18,2024-02-19,UBER TRIP,Other Travel,17.14,,-17.14
2024-02-18,2024-02-19,UBER EATS,Dining,19.65,,-19.65
2024-02-17,2024-02-19,SQ *KNIGHT MOVES CAFE,Dining,12,,-12
2024-02-17,2024-02-19,SQ *KNIGHT MOVES CAFE,Dining,30,,-30
2024-02-16,2024-02-19,7-ELEVEN 32480,Gas/Automotive,22.11,,-22.11
2024-02-16,2024-02-19,DAVES HOT CHICKEN 1201,Dining,15.38,,-15.38
2024-02-16,2024-02-19,TACO BELL #735162,Dining,11.75,,-11.75
2024-02-16,2024-02-19,30850 BSC DOWNTOWN,Entertainment,3.74,,-3.74
2024-02-16,2024-02-17,FH* THE CLAYROOM,Entertainment,21.2,,-21.2
2024-02-16,2024-02-17,GOOGLE *Colab,Entertainment,9.99,,-9.99
2024-02-16,2024-02-17,MONTHLY BRAINSCAPE PRO,Merchandise,19.99,,-19.99
2024-02-15,2024-02-17,TACO BELL #735162,Dining,14.31,,-14.31
2024-02-16,2024-02-16,"MUSE PAINTBAR, LLC",Other,100,,-100
2024-02-16,2024-02-16,UBER EATS,Dining,36.98,,-36.98
2024-02-14,2024-02-16,TACO BELL #035162,Dining,20.81,,-20.81
2024-02-14,2024-02-15,FIVE GUYS MA 1539 QSR,Dining,4.8,,-4.8
2024-02-14,2024-02-15,FIVE GUYS MA 1539 QSR,Dining,10.9,,-10.9
2024-02-13,2024-02-15,BARCELONA BROOKLINE,Dining,70.85,,-70.85
2024-02-14,2024-02-15,UBER TRIP,Other Travel,16.26,,-16.26
2024-02-14,2024-02-15,UBER TRIP,Other Travel,37.24,,-37.24
2024-02-13,2024-02-14,ATT* BILL PAYMENT,Phone/Cable,152.76,,-152.76
2024-02-12,2024-02-14,BU FITREC ECOM,Other,14,,-14
2024-02-13,2024-02-14,UBER TRIP,Other Travel,17.4,,-17.4
2024-02-12,2024-02-13,YARD HOUSE ZK 0108336,Dining,16.99,,-16.99
2024-02-11,2024-02-12,WHOLEFDS INK #10513,Merchandise,11.68,,-11.68
2024-02-12,2024-02-12,TST* TATTE - SOUTH END,Dining,34.34,,-34.34
2024-02-11,2024-02-12,LUCKY STRIKE - 785 - B,Entertainment,30,,-30
2024-02-11,2024-02-12,TSURUTONTAN,Dining,30,,-30
2024-02-11,2024-02-12,UBER* TRIP,Other Travel,17.71,,-17.71
2024-02-10,2024-02-12,30850 BSC DOWNTOWN,Entertainment,3.74,,-3.74
2024-02-11,2024-02-12,UBER TRIP,Other Travel,15.46,,-15.46
2024-02-10,2024-02-12,FIVE GUYS MA 1753 QSR,Dining,24.36,,-24.36
2024-02-09,2024-02-10,FIVE GUYS MA 1539 QSR,Dining,15.71,,-15.71
2024-02-09,2024-02-10,UBER EATS,Dining,69.37,,-69.37
2024-02-09,2024-02-09,UBER EATS,Dining,39.92,,-39.92
2024-02-07,2024-02-09,7-ELEVEN 32480,Gas/Automotive,22.46,,-22.46
2024-02-07,2024-02-09,7-ELEVEN 32480,Gas/Automotive,6.38,,-6.38
2024-02-08,2024-02-09,UBER TRIP,Other Travel,12.83,,-12.83
2024-02-07,2024-02-08,MBTA BOYLSTON,Other Travel,20,,-20
2024-02-07,2024-02-08,SWEETGREEN INK BLOCK,Dining,23.43,,-23.43
2024-02-06,2024-02-07,UBER EATS,Dining,17.98,,-17.98
2024-02-06,2024-02-07,UBER TRIP,Other Travel,8.61,,-8.61
2024-02-06,2024-02-07,UBER TRIP,Other Travel,13.07,,-13.07
2024-02-05,2024-02-06,CVS/PHARMACY #11082,Health Care,6.94,,-6.94
2024-02-05,2024-02-06,TARGET 00032268,Merchandise,29.47,,-29.47
2024-02-04,2024-02-06,BARCELONA SOUTHEND,Dining,73,,-73
2024-02-04,2024-02-05,SWEETGREEN INK BLOCK,Dining,23.49,,-23.49
2024-02-05,2024-02-05,UBER TRIP,Other Travel,16.12,,-16.12
2024-02-05,2024-02-05,UBER TRIP,Other Travel,13.19,,-13.19
2024-02-04,2024-02-05,7-ELEVEN 32480,Gas/Automotive,11.62,,-11.62
2024-02-03,2024-02-05,30850 BSC DOWNTOWN,Entertainment,3.74,,-3.74
2024-02-03,2024-02-05,SWEETGREEN INK BLOCK,Dining,23.22,,-23.22
2024-02-03,2024-02-03,CREDIT-CASH BACK REWARD,Payment/Credit,,79.34,79.34
2024-02-03,2024-02-03,CAPITAL ONE MOBILE PYMT,Payment/Credit,,3319,3319
2024-02-01,2024-02-02,WHOLEFDS INK #10513,Merchandise,8.49,,-8.49
2024-02-01,2024-02-02,SQ *JAHO COFFEE ROASTE,Dining,33,,-33
2024-02-01,2024-02-02,Audible*R273L2OK1,Other Services,16.15,,-16.15
2024-02-01,2024-02-02,ABC*30850-BSC,Entertainment,37.5,,-37.5
2024-02-01,2024-02-01,UBER EATS,Dining,29.93,,-29.93
2024-01-31,2024-02-01,BOSTON KITCHEN PIZZA.,Dining,9.98,,-9.98
2024-01-31,2024-02-01,IMENUPRO,Merchandise,15,,-15
2024-01-30,2024-01-31,UBER EATS,Dining,145.52,,-145.52
2024-01-29,2024-01-30,IRASHAI SUSHI AND TERI,Dining,41.63,,-41.63
2024-01-28,2024-01-29,SWEETGREEN INK BLOCK,Dining,17.07,,-17.07
2024-01-29,2024-01-29,UBER TRIP,Other Travel,14.44,,-14.44
2024-01-25,2024-01-29,BLACK SEED HALAL GRILL,Dining,29.97,,-29.97
2024-01-28,2024-01-29,UBER* TRIP,Other Travel,12.83,,-12.83
2024-01-27,2024-01-29,DAVE & BUSTERS #61 PWC,Dining,103,,-103
2024-01-27,2024-01-29,DAVE & BUSTERS #61,Dining,77.75,,-77.75
2024-01-28,2024-01-29,LORETTAS LAST CALL,Dining,68.83,,-68.83
2024-01-28,2024-01-29,LORETTAS LAST CALL,Dining,77.15,,-77.15
2024-01-28,2024-01-29,UBER TRIP,Other Travel,20.94,,-20.94
2024-01-28,2024-01-29,UBER TRIP,Other Travel,16.66,,-16.66
2024-01-26,2024-01-29,TACO BELL #035162,Dining,15.15,,-15.15
2024-01-27,2024-01-29,SQ *CAFE #36348 INK BL,Dining,6.28,,-6.28
2024-01-27,2024-01-29,7-ELEVEN 32480,Gas/Automotive,26.73,,-26.73
2024-01-26,2024-01-27,HOMEGOODS 0832,Merchandise,79.7,,-79.7
2024-01-26,2024-01-27,MBTA TUFTS,Other Travel,20,,-20
2024-01-25,2024-01-27,30850 BSC DOWNTOWN,Entertainment,20,,-20
2024-01-25,2024-01-27,INSOMNIA COOKIES-KENMO,Dining,17.92,,-17.92
2024-01-25,2024-01-26,UBER TRIP,Other Travel,12.39,,-12.39
2024-01-24,2024-01-25,WHOLEFDS INK #10513,Merchandise,8.49,,-8.49
2024-01-25,2024-01-25,TST* CORNWALL'S BOSTON,Dining,22,,-22
2024-01-24,2024-01-25,CHA KUNG FONG,Dining,15.68,,-15.68
2024-01-24,2024-01-25,OPENAI,Merchandise,20,,-20
2024-01-24,2024-01-25,NETLIFY,Merchandise,13.99,,-13.99
2024-01-23,2024-01-25,30850 BSC DOWNTOWN,Entertainment,3.74,,-3.74
2024-01-23,2024-01-24,CHA KUNG FONG,Dining,13.05,,-13.05
2024-01-23,2024-01-24,GOOGLE *Colab,Other Services,9.99,,-9.99
2024-01-23,2024-01-24,ABC*30850-BSC,Entertainment,69.99,,-69.99
2024-01-22,2024-01-24,TACO BELL #035162,Dining,21.14,,-21.14
2024-01-21,2024-01-23,NAN XIANG EXPRESS,Dining,43.71,,-43.71
2024-01-21,2024-01-22,CREDIT-CASH BACK REWARD,Payment/Credit,,112.04,112.04
2024-01-21,2024-01-22,WHOLEFDS INK #10513,Merchandise,33.05,,-33.05
2024-01-21,2024-01-22,TST* EL JEFES - BOSTON,Dining,11.29,,-11.29
2024-01-22,2024-01-22,UBER TRIP,Other Travel,20.02,,-20.02
2024-01-21,2024-01-22,CAPITAL ONE MOBILE PYMT,Payment/Credit,,800,800
2024-01-21,2024-01-22,JETBLUE 2794437600857,Airfare,35,,-35
2024-01-21,2024-01-22,UBER TRIP,Other Travel,65.98,,-65.98
2024-01-21,2024-01-22,UBER TRIP,Other Travel,64.9,,-64.9
2024-01-19,2024-01-22,TST* 5 TACOS - WALNUT,Dining,34.16,,-34.16
2024-01-19,2024-01-20,CVS/PHARMACY #09545,Health Care,17.05,,-17.05
2024-01-19,2024-01-20,FSP*PANGLOSS CELLARS,Merchandise,96.47,,-96.47
2024-01-19,2024-01-20,UBER TRIP,Other Travel,85.93,,-85.93
2024-01-18,2024-01-20,30850 BSC DOWNTOWN,Entertainment,3.74,,-3.74
2024-01-19,2024-01-20,JETBLUE 2794437478847,Airfare,35,,-35
2024-01-18,2024-01-20,WENDY'S #8300,Dining,16.66,,-16.66
2024-01-19,2024-01-20,UBER TRIP,Other Travel,52.39,,-52.39
2024-01-18,2024-01-19,BOS WAHLBURGER 6551400,Dining,23.2,,-23.2
2024-01-18,2024-01-19,DOUBLETREE WISTERIA RS,Dining,4.01,,-4.01
2024-01-19,2024-01-19,SQ *CITYBACHI,Dining,59.23,,-59.23
2024-01-18,2024-01-19,UBER TRIP,Other Travel,11.88,,-11.88
2024-01-18,2024-01-19,UBER TRIP,Other Travel,17.24,,-17.24
2024-01-17,2024-01-18,WHOLEFDS INK #10513,Merchandise,17.28,,-17.28
2024-01-18,2024-01-18,TST* CORNWALL'S BOSTON,Dining,33,,-33
2024-01-18,2024-01-18,UBER EATS,Dining,38.93,,-38.93
2024-01-17,2024-01-17,UBER EATS,Dining,20.3,,-20.3
2024-01-15,2024-01-17,BOS' SICHUAN TASTE.,Dining,52.63,,-52.63
2024-01-15,2024-01-17,7-ELEVEN 32480,Gas/Automotive,18.7,,-18.7
2024-01-16,2024-01-17,GOOGLE *Colab,Other Services,9.99,,-9.99
2024-01-15,2024-01-16,WHOLEFDS INK #10513,Merchandise,37.06,,-37.06
2024-01-15,2024-01-16,C-MART SUPERMARKET BOS,Merchandise,56.36,,-56.36
2024-01-15,2024-01-16,UBER TRIP,Other Travel,43.9,,-43.9
2024-01-14,2024-01-16,NAN XIANG EXPRESS,Dining,59.71,,-59.71
2024-01-14,2024-01-15,UBER EATS,Dining,18.92,,-18.92
2024-01-12,2024-01-15,30850 BSC DOWNTOWN,Entertainment,3.74,,-3.74
2024-01-12,2024-01-13,WHOLEFDS INK #10513,Merchandise,52.91,,-52.91
2024-01-12,2024-01-13,SQ *JAHO COFFEE ROASTE,Dining,15.24,,-15.24
2024-01-12,2024-01-13,UBER EATS,Dining,28.2,,-28.2
2024-01-11,2024-01-13,7-ELEVEN 32480,Gas/Automotive,36.09,,-36.09
2024-01-11,2024-01-13,30850 BSC DOWNTOWN,Entertainment,3.74,,-3.74
2024-01-12,2024-01-12,TST* TATTE - SOUTH END,Dining,13.11,,-13.11
2024-01-11,2024-01-12,AT&T BILL PAYMENT,Phone/Cable,152.96,,-152.96
2024-01-11,2024-01-12,KAPLAN-DEARBORN-PPI,Other,263.2,,-263.2
2024-01-10,2024-01-12,7-ELEVEN 32480,Gas/Automotive,19.6,,-19.6
2024-01-09,2024-01-11,30850 BSC DOWNTOWN,Entertainment,3.74,,-3.74
2024-01-10,2024-01-11,UBER TRIP,Other Travel,19.14,,-19.14
2024-01-09,2024-01-10,WHOLEFDS INK #10513,Merchandise,16.99,,-16.99
2024-01-09,2024-01-10,MBTA TUFTS,Other Travel,20,,-20
2024-01-10,2024-01-10,UBER EATS,Dining,39.51,,-39.51
2024-01-08,2024-01-10,7-ELEVEN 32480,Gas/Automotive,24.59,,-24.59
2024-01-08,2024-01-10,30850 BSC DOWNTOWN,Entertainment,1,,-1
2024-01-08,2024-01-09,CHA KUNG FONG,Dining,15.68,,-15.68
2024-01-07,2024-01-09,7-ELEVEN 32480,Gas/Automotive,18.7,,-18.7
2024-01-08,2024-01-09,AMZN Mktp US*TK6TY8S32,Merchandise,39.95,,-39.95
2024-01-07,2024-01-08,WHOLEFDS INK #10513,Merchandise,37.26,,-37.26
2024-01-08,2024-01-08,UBER EATS,Dining,181.26,,-181.26
2024-01-07,2024-01-08,THE UPS STORE 945,Other Services,47.78,,-47.78
2024-01-07,2024-01-08,THE UPS STORE 945,Other Services,50.96,,-50.96
2024-01-07,2024-01-08,THE UPS STORE 945,Other Services,8.49,,-8.49
2024-01-06,2024-01-08,TACO BELL 037044,Dining,23.27,,-23.27
2024-01-07,2024-01-08,UBER TRIP,Other Travel,22.65,,-22.65
2024-01-07,2024-01-08,UBER TRIP,Other Travel,14.01,,-14.01
2024-01-07,2024-01-08,TST* TATTE BAKERY - EM,Dining,12.03,,-12.03
2024-01-06,2024-01-08,FIVE GUYS MA 1753 QSR,Dining,13.46,,-13.46
2024-01-06,2024-01-08,UBER TRIP,Other Travel,30.95,,-30.95
2024-01-06,2024-01-08,UBER EATS,Dining,81.35,,-81.35
2024-01-06,2024-01-08,UBER TRIP,Other Travel,61.45,,-61.45
2024-01-06,2024-01-08,7-ELEVEN 32480,Gas/Automotive,17.11,,-17.11
2024-01-05,2024-01-06,DELTA 00642067548113,Airfare,30,,-30
2024-01-05,2024-01-06,"SQ *SFO - DOLORES, TER",Dining,22.97,,-22.97
2024-01-05,2024-01-06,UBER EATS,Dining,45,,-45
2024-01-04,2024-01-05,CHIPOTLE 4110,Dining,10.97,,-10.97
2024-01-03,2024-01-05,FITNESS SF TRANSBAY,Entertainment,12,,-12
2024-01-03,2024-01-04,UBER EATS,Dining,37.93,,-37.93
2024-01-02,2024-01-04,FRESH AND BEST CAFE 2,Dining,17.31,,-17.31
2024-01-02,2024-01-04,BU FITREC MOTO,Other,70.95,,-70.95
2024-01-02,2024-01-03,CHIPOTLE 4110,Dining,10.97,,-10.97
2024-01-03,2024-01-03,UBER EATS,Dining,41.83,,-41.83
2024-01-01,2024-01-03,BLUE BARN STEINER,Dining,21.86,,-21.86
2024-01-02,2024-01-03,UBER TRIP,Other Travel,20.3,,-20.3
2024-01-01,2024-01-02,CREDIT-CASH BACK REWARD,Payment/Credit,,437.52,437.52
2024-01-01,2024-01-02,CAPITAL ONE MOBILE PYMT,Payment/Credit,,3000,3000
2024-01-01,2024-01-02,CHIPOTLE 4110,Dining,14.28,,-14.28
2024-01-02,2024-01-02,AMZN Mktp US*RM2FW0EP3,Merchandise,79.69,,-79.69
2024-01-01,2024-01-02,UBER EATS,Dining,33.48,,-33.48
2023-12-31,2024-01-02,82399 - CARMEL PLAZA,Gas/Automotive,28,,-28
2023-12-31,2024-01-02,SHELL OIL 574276781QPS,Gas/Automotive,17.88,,-17.88
2023-12-31,2024-01-02,PATISSERIE BOISSIERE R,Dining,26,,-26
2023-12-31,2024-01-02,TST* ALICES RESTAURANT,Dining,31.01,,-31.01
2023-12-31,2024-01-02,IMENUPRO,Merchandise,15,,-15
2023-12-31,2024-01-02,DD DOORDASH CHICK-FIL,Dining,10.04,,-10.04
2023-12-27,2023-12-29,EMPERO TASTE,Dining,68,,-68
2023-12-27,2023-12-29,FITNESS SF TRANSBAY,Entertainment,149,,-149
2023-12-28,2023-12-29,UBER TRIP,Other Travel,31.91,,-31.91
2023-12-27,2023-12-28,SQ *OCEAN BEACH CAFE,Dining,4,,-4
2023-12-26,2023-12-28,FITNESS SF TRANSBAY,Entertainment,29,,-29
2023-12-27,2023-12-28,SQ *OCEAN BEACH CAFE,Dining,10.25,,-10.25
2023-12-26,2023-12-27,CHIPOTLE 4110,Dining,10.97,,-10.97
2023-12-27,2023-12-27,UBER EATS,Dining,36.74,,-36.74
2023-12-25,2023-12-27,FITNESS SF TRANSBAY,Entertainment,30,,-30
2023-12-26,2023-12-26,UBER EATS,Dining,30.66,,-30.66
2023-12-23,2023-12-26,CHIPOTLE 2828,Dining,14.97,,-14.97
2023-12-23,2023-12-26,UBER EATS,Dining,29.94,,-29.94
2023-12-22,2023-12-26,FRESH AND BEST CAFE 2,Dining,17.31,,-17.31
2023-12-23,2023-12-26,FITNESS SF TRANSBAY,Entertainment,4,,-4
2023-12-23,2023-12-26,FITNESS SF TRANSBAY,Entertainment,25,,-25
2023-12-22,2023-12-23,UBER EATS,Dining,37.21,,-37.21
2023-12-22,2023-12-23,UBER TRIP,Other Travel,49.15,,-49.15
2023-12-21,2023-12-23,FRESH AND BEST CAFE 2,Dining,22.49,,-22.49
2023-12-21,2023-12-23,FITNESS SF TRANSBAY,Entertainment,25,,-25
2023-12-20,2023-12-22,MENUSTAR FOOD ONLINE,Other Services,11.84,,-11.84
2023-12-20,2023-12-22,FRESH AND BEST CAFE 2,Dining,7.66,,-7.66
2023-12-20,2023-12-22,FITNESS SF TRANSBAY,Entertainment,4,,-4
2023-12-20,2023-12-22,FITNESS SF TRANSBAY,Entertainment,25,,-25
2023-12-19,2023-12-21,TRADER JOE S #203,Merchandise,4.98,,-4.98
2023-12-20,2023-12-21,UBER TRIP,Other Travel,6.98,,-6.98
2023-12-19,2023-12-21,MENUSTAR FOOD ONLINE,Other Services,20.11,,-20.11
2023-12-20,2023-12-20,UBER EATS,Dining,29.44,,-29.44
2023-12-19,2023-12-20,UBER TRIP,Other Travel,64.98,,-64.98
2023-12-18,2023-12-20,30850 BSC DOWNTOWN,Entertainment,20,,-20
2023-12-18,2023-12-20,WENDY'S #8300,Dining,21.69,,-21.69
2023-12-19,2023-12-20,UBER TRIP,Other Travel,22.02,,-22.02
2023-12-18,2023-12-19,NEWSLINK 16 BOS,Merchandise,17.5,,-17.5
2023-12-17,2023-12-19,7-ELEVEN 32480,Gas/Automotive,21.54,,-21.54
2023-12-16,2023-12-18,NAN XIANG EXPRESS,Dining,31.99,,-31.99
2023-12-17,2023-12-18,EMBROLY LLC,Merchandise,66.69,,-66.69
2023-12-17,2023-12-18,UBER TRIP,Other Travel,15.24,,-15.24
2023-12-17,2023-12-18,UBER TRIP,Other Travel,16.47,,-16.47
2023-12-14,2023-12-18,CHA KUNG FONG,Dining,13.32,,-13.32
2023-12-16,2023-12-18,BUICK ST MARKET & CAFE,Other,17.39,,-17.39
2023-12-15,2023-12-18,7-ELEVEN 32480,Gas/Automotive,22.84,,-22.84
2023-12-15,2023-12-18,30836 BSC ALLSTON,Entertainment,15,,-15
2023-12-16,2023-12-18,GOOGLE *Colab,Entertainment,9.99,,-9.99
2023-12-16,2023-12-16,AMZN Mktp US*RU25443K3,Merchandise,38.99,,-38.99
2023-12-15,2023-12-16,TARGET 00032268,Merchandise,21,,-21
2023-12-14,2023-12-16,TST* MOOO SEAPORT,Dining,347.13,,-347.13
2023-12-14,2023-12-15,7-ELEVEN 32480,Gas/Automotive,21.2,,-21.2
2023-12-13,2023-12-14,TST* EL JEFES - BOSTON,Dining,13.11,,-13.11
2023-12-13,2023-12-14,AT&T BILL PAYMENT,Phone/Cable,170.47,,-170.47
2023-12-13,2023-12-14,SQ *CAFE #36348 INK BL,Dining,6.37,,-6.37
2023-12-13,2023-12-14,UBER TRIP,Other Travel,12.57,,-12.57
2023-12-12,2023-12-13,CHA KUNG FONG,Dining,16.21,,-16.21
2023-12-12,2023-12-13,BUICK ST MARKET & CAFE,Other,13.9,,-13.9
2023-12-12,2023-12-13,UBER TRIP,Other Travel,16.89,,-16.89
2023-12-12,2023-12-13,AMZN MKTP US*TJ3DO4PD3,Merchandise,36.32,,-36.32
2023-12-10,2023-12-12,7-ELEVEN 32480,Gas/Automotive,9.12,,-9.12
2023-12-11,2023-12-12,BUICK ST MARKET & CAFE,Other,18.97,,-18.97
2023-12-11,2023-12-12,UBER TRIP,Other Travel,12.17,,-12.17
2023-12-10,2023-12-11,WHOLEFDS INK #10513,Merchandise,47.17,,-47.17
2023-12-09,2023-12-11,NAN XIANG EXPRESS,Dining,14.93,,-14.93
2023-12-10,2023-12-11,TST* NUD POB THAI CUIS,Dining,35.52,,-35.52
2023-12-10,2023-12-11,SQ *CAFE #36348 INK BL,Dining,3.14,,-3.14
2023-12-09,2023-12-11,SQ *JAHO COFFEE ROASTE,Dining,5,,-5
2023-12-09,2023-12-11,SQ *JAHO COFFEE ROASTE,Dining,6.51,,-6.51
2023-12-09,2023-12-11,UBER EATS,Dining,34.37,,-34.37
2023-12-09,2023-12-09,UBER TRIP,Other Travel,16.92,,-16.92
2023-12-08,2023-12-09,Amazon.com*ES8UY3FE3,Merchandise,66.12,,-66.12
2023-12-08,2023-12-09,UBER EATS,Dining,22.05,,-22.05
2023-12-07,2023-12-08,DELTA 00621948692525,Airfare,616.4,,-616.4
2023-12-07,2023-12-08,BUICK ST MARKET & CAFE,Other,18.32,,-18.32
2023-12-07,2023-12-07,UBER EATS,Dining,21.53,,-21.53
2023-12-07,2023-12-07,UBER EATS,Dining,87.36,,-87.36
2023-12-05,2023-12-07,NAN XIANG EXPRESS,Dining,55,,-55
2023-12-05,2023-12-07,30850 BSC DOWNTOWN,Entertainment,20,,-20
2023-12-05,2023-12-06,CHA KUNG FONG,Dining,15.68,,-15.68
2023-12-04,2023-12-05,MBTA BACK BAY,Other Travel,20,,-20
2023-12-05,2023-12-05,UBER EATS,Dining,53.32,,-53.32
2023-12-04,2023-12-05,CHA KUNG FONG,Dining,15.68,,-15.68
2023-12-03,2023-12-05,NAN XIANG EXPRESS,Dining,26.64,,-26.64
2023-12-04,2023-12-04,UBER TRIP,Other Travel,13.13,,-13.13
2023-12-04,2023-12-04,UBER TRIP,Other Travel,15.86,,-15.86
2023-12-02,2023-12-04,CHA KUNG FONG,Dining,10.17,,-10.17
2023-12-01,2023-12-04,CHA KUNG FONG,Dining,9.58,,-9.58
2023-12-02,2023-12-04,WENDY'S #8300,Dining,16.66,,-16.66
2023-12-02,2023-12-04,CVS/PHARMACY #00361,Health Care,21.19,,-21.19
2023-12-01,2023-12-04,BU FITREC MOTO,Other,70.95,,-70.95
2023-12-02,2023-12-04,UBER TRIP,Other Travel,17.84,,-17.84
2023-12-01,2023-12-02,BOSTON KITCHEN PIZZA.,Dining,7.78,,-7.78
2023-12-01,2023-12-02,UBER TRIP,Other Travel,22.01,,-22.01
2023-12-01,2023-12-02,UBER TRIP,Other Travel,24.97,,-24.97
2023-11-30,2023-12-01,CVS/PHARMACY #05874,Health Care,19.21,,-19.21
2023-11-30,2023-12-01,CVS/PHARMACY #01876,Health Care,16.48,,-16.48
2023-12-01,2023-12-01,Amazon.com*7B9DX8VD3,Merchandise,63.7,,-63.7
2023-11-30,2023-12-01,IMENUPRO,Merchandise,15,,-15
2023-11-30,2023-11-30,CAPITAL ONE MOBILE PYMT,Payment/Credit,,2862.7,2862.7
2023-11-29,2023-11-30,CVS/PHARMACY #11082,Health Care,36.26,,-36.26
2023-11-29,2023-11-30,UBER EATS,Dining,19.84,,-19.84
2023-11-28,2023-11-30,7-ELEVEN 32480,Gas/Automotive,28.58,,-28.58
2023-11-28,2023-11-29,BUICK ST MARKET & CAFE,Other,30.33,,-30.33
2023-11-28,2023-11-28,TST* TATTE - SOUTH END,Dining,13.11,,-13.11
2023-11-27,2023-11-28,BUICK ST MARKET & CAFE,Other,13.49,,-13.49
2023-11-26,2023-11-27,CVS/PHARMACY #11082,Health Care,24.16,,-24.16
2023-11-26,2023-11-27,CVS/PHARMACY #00361,Health Care,12.21,,-12.21
2023-11-26,2023-11-27,HOMEGOODS 0832,Merchandise,35.59,,-35.59
2023-11-25,2023-11-27,AMC 2657 BOSTON COMMON,Entertainment,28.31,,-28.31
2023-11-26,2023-11-27,CHA KUNG FONG,Dining,7.97,,-7.97
2023-11-25,2023-11-27,AUNTIE ANN S,Dining,6.46,,-6.46
2023-11-26,2023-11-27,AMC ONLINE 9640,Entertainment,35.36,,-35.36
2023-11-26,2023-11-27,UBER EATS,Dining,31.92,,-31.92
2023-11-26,2023-11-27,UBER TRIP,Other Travel,31.35,,-31.35
2023-11-25,2023-11-27,UBER EATS,Dining,150.42,,-150.42
2023-11-25,2023-11-27,UBER TRIP,Other Travel,5,,-5
2023-11-25,2023-11-27,BOS-TACO,Dining,17.66,,-17.66
2023-11-25,2023-11-27,BOS-INCHU,Dining,16.85,,-16.85
2023-11-25,2023-11-27,BOS-CUSH,Dining,14.98,,-14.98
2023-11-23,2023-11-24,ORACL*WAFFLE HOUSE,Dining,23.5,,-23.5
2023-11-22,2023-11-24,PUBLIX #752,Merchandise,169.19,,-169.19
2023-11-22,2023-11-24,POPEYES 5660,Dining,8.95,,-8.95
2023-11-21,2023-11-22,POPEYES 5660,Dining,25,,-25
2023-11-21,2023-11-22,BOSTON KITCHEN PIZZA.,Dining,7.78,,-7.78
2023-11-21,2023-11-22,UBER TRIP,Other Travel,44.95,,-44.95
2023-11-21,2023-11-22,UBER TRIP,Other Travel,26.12,,-26.12
2023-11-21,2023-11-21,UBER TRIP,Other Travel,13.94,,-13.94
2023-11-20,2023-11-21,BUICK ST MARKET & CAFE,Other,8.99,,-8.99
2023-11-20,2023-11-21,7-ELEVEN 32480,Gas/Automotive,13.97,,-13.97
2023-11-19,2023-11-21,NAN XIANG EXPRESS,Dining,25.57,,-25.57
2023-11-18,2023-11-21,BLACK SEED HALAL GRILL,Dining,31.08,,-31.08
2023-11-18,2023-11-20,ISSHINDOU JAPANESE RAM,Dining,26.2,,-26.2
2023-11-18,2023-11-20,7-ELEVEN 37526,Gas/Automotive,13.72,,-13.72
2023-11-19,2023-11-20,UBER TRIP,Other Travel,16.52,,-16.52
2023-11-18,2023-11-20,FIVE GUYS MA 1753 QSR,Dining,2.77,,-2.77
2023-11-18,2023-11-20,TST* PAVEMENT COFFEEHO,Dining,7.49,,-7.49
2023-11-17,2023-11-20,7-ELEVEN 32480,Gas/Automotive,14.12,,-14.12
2023-11-17,2023-11-18,WHOLEFDS INK #10513,Merchandise,66.38,,-66.38
2023-11-17,2023-11-18,C-MART HERALD ST. INC.,Merchandise,15.99,,-15.99
2023-11-17,2023-11-18,SQ *CAFE #36348 INK BL,Dining,7.22,,-7.22
2023-11-17,2023-11-18,UBER EATS,Dining,41.37,,-41.37
2023-11-17,2023-11-18,UBER TRIP,Other Travel,11,,-11
2023-11-17,2023-11-17,TST* PURO CEVICHE BAR,Dining,91.59,,-91.59
2023-11-16,2023-11-17,ATT* BILL PAYMENT,Phone/Cable,131.03,,-131.03
2023-11-16,2023-11-17,BUICK ST MARKET & CAFE,Other,9.89,,-9.89
2023-11-16,2023-11-17,GOOGLE *Colab,Entertainment,9.99,,-9.99
2023-11-16,2023-11-17,UBER TRIP,Other Travel,34.08,,-34.08
2023-11-15,2023-11-16,CVS/PHARMACY #11082,Health Care,19.47,,-19.47
2023-11-15,2023-11-16,MBTA BOYLSTON,Other Travel,20,,-20
2023-11-15,2023-11-16,7-ELEVEN 32480,Gas/Automotive,22.46,,-22.46
2023-11-14,2023-11-16,INSOMNIA COOKIES-KENMO,Dining,9.47,,-9.47
2023-11-13,2023-11-15,CHA KUNG FONG,Dining,15.68,,-15.68
2023-11-14,2023-11-15,SQ *JAHO COFFEE ROASTE,Dining,4,,-4
2023-11-14,2023-11-15,SQ *JAHO COFFEE ROASTE,Dining,9.5,,-9.5
2023-11-12,2023-11-14,NAN XIANG EXPRESS,Dining,50.72,,-50.72
2023-11-13,2023-11-14,IRASHAI SUSHI AND TERI,Dining,19.51,,-19.51
2023-11-13,2023-11-14,BUICK ST MARKET & CAFE,Other,8.29,,-8.29
2023-11-13,2023-11-14,BUICK ST MARKET & CAFE,Other,6.68,,-6.68
2023-11-13,2023-11-14,7-ELEVEN 32480,Gas/Automotive,18.81,,-18.81
2023-11-10,2023-11-13,NAN XIANG EXPRESS,Dining,14.93,,-14.93
2023-11-12,2023-11-13,7-ELEVEN 32480,Gas/Automotive,15.61,,-15.61
2023-11-12,2023-11-13,SQ *JAHO COFFEE ROASTE,Dining,21.4,,-21.4
2023-11-11,2023-11-13,UBER EATS,Dining,153.01,,-153.01
2023-11-11,2023-11-13,SQ *JAHO COFFEE ROASTE,Dining,3.75,,-3.75
2023-11-11,2023-11-13,SQ *JAHO COFFEE ROASTE,Dining,9.66,,-9.66
2023-11-10,2023-11-11,MBTA BOYLSTON,Other Travel,20,,-20
2023-11-10,2023-11-11,SQ *JAHO COFFEE ROASTE,Dining,7.38,,-7.38
2023-11-09,2023-11-11,INSOMNIA COOKIES-KENMO,Dining,6.31,,-6.31
2023-11-10,2023-11-11,7-ELEVEN 32480,Gas/Automotive,18.35,,-18.35
2023-11-09,2023-11-10,BUICK ST MARKET & CAFE,Other,26.49,,-26.49
2023-11-09,2023-11-10,BROWN SUGAR,Dining,86.48,,-86.48
2023-11-08,2023-11-09,7-ELEVEN 32480,Gas/Automotive,18.84,,-18.84
2023-11-07,2023-11-08,WHOLEFDS INK #10513,Merchandise,27.24,,-27.24
2023-11-07,2023-11-08,7-ELEVEN 32480,Gas/Automotive,17.2,,-17.2
2023-11-07,2023-11-07,UBER TRIP,Other Travel,15.79,,-15.79
2023-11-06,2023-11-07,BUICK ST MARKET & CAFE,Other,15.95,,-15.95
2023-11-06,2023-11-07,BUICK ST MARKET & CAFE,Other,3.49,,-3.49
2023-11-05,2023-11-06,DUNKIN #357365 Q35,Dining,8.07,,-8.07
2023-11-05,2023-11-06,TST* TRIDENT BOOK SELL,Dining,32.62,,-32.62
2023-11-05,2023-11-06,7-ELEVEN 32480,Gas/Automotive,20.1,,-20.1
2023-11-05,2023-11-06,BUICK ST MARKET & CAFE,Other,8.99,,-8.99
2023-11-05,2023-11-06,BUICK ST MARKET & CAFE,Other,8.58,,-8.58
2023-11-05,2023-11-06,TST* LOLITA - BACK BAY,Dining,113,,-113
2023-11-04,2023-11-06,UBER TRIP,Other Travel,19.5,,-19.5
2023-11-03,2023-11-06,7-ELEVEN 32480,Gas/Automotive,12.86,,-12.86
2023-11-04,2023-11-04,UBER TRIP,Other Travel,17.39,,-17.39
2023-11-04,2023-11-04,UBER TRIP,Other Travel,18.8,,-18.8
2023-11-03,2023-11-04,CT SWEET KINGDOM,Dining,21.25,,-21.25
2023-11-03,2023-11-04,EB BOSTON COMEDY CLUB,Other Services,35.7,,-35.7
2023-11-03,2023-11-04,7-ELEVEN 32480,Gas/Automotive,13.7,,-13.7
2023-11-03,2023-11-04,UBER TRIP,Other Travel,16.45,,-16.45
2023-11-03,2023-11-03,UBER TRIP,Other Travel,25.66,,-25.66
2023-11-02,2023-11-03,CHA KUNG FONG,Dining,13.05,,-13.05
2023-11-02,2023-11-03,BUICK ST MARKET & CAFE,Other,10.48,,-10.48
2023-11-01,2023-11-03,BU FITREC MOTO,Other,70.95,,-70.95
2023-11-01,2023-11-02,SQ *CAFE #36348 INK BL,Dining,3.88,,-3.88
2023-11-01,2023-11-02,UBER TRIP,Other Travel,13.9,,-13.9
2023-10-31,2023-11-01,CVS/PHARMACY #11082,Health Care,31.66,,-31.66
2023-10-31,2023-11-01,BUICK ST MARKET & CAFE,Other,17.39,,-17.39
2023-10-31,2023-11-01,IMENUPRO,Merchandise,15,,-15
2023-10-31,2023-11-01,SQ *CAFE #36348 INK BL,Dining,4.28,,-4.28
2023-10-31,2023-10-31,CAPITAL ONE MOBILE PYMT,Payment/Credit,,2582,2582
2023-10-31,2023-10-31,UBER TRIP,Other Travel,14.93,,-14.93
2023-10-30,2023-10-31,BUICK ST MARKET & CAFE,Other,25.62,,-25.62
2023-10-29,2023-10-31,STAR MARKET #3696,Merchandise,156.39,,-156.39
2023-10-30,2023-10-31,UBER TRIP,Other Travel,13.5,,-13.5
2023-10-29,2023-10-30,MBTA TUFTS,Other Travel,20,,-20
2023-10-29,2023-10-30,BUICK ST MARKET & CAFE,Other,17.27,,-17.27
2023-10-29,2023-10-30,BUICK ST MARKET & CAFE,Other,9.48,,-9.48
2023-10-28,2023-10-30,7-ELEVEN 32480,Gas/Automotive,11.96,,-11.96
2023-10-29,2023-10-30,TST* YVONNE'S,Dining,92,,-92
2023-10-29,2023-10-30,TST* YVONNE'S,Dining,83.84,,-83.84
2023-10-28,2023-10-30,THE HALAL GUYS BOSTON-,Other Services,19.01,,-19.01
2023-10-28,2023-10-30,DELTA 00642010642954,Airfare,30,,-30
2023-10-28,2023-10-30,UBER TRIP,Other Travel,43.26,,-43.26
2023-10-28,2023-10-30,COURTYARD MUNCIE,Lodging,4,,-4
2023-10-27,2023-10-30,COURTYARD MUNCIE,Lodging,5,,-5
2023-10-27,2023-10-28,TST* 1925 PubHouse - M,Dining,33.08,,-33.08
2023-10-27,2023-10-28,TST* Casa Del Sol22,Dining,21.08,,-21.08
2023-10-26,2023-10-28,9596 BFIT BY BOB NEWBU,Entertainment,15,,-15
2023-10-26,2023-10-27,NATIONAL CAR RENTAL,Car Rental,760.61,,-760.61
2023-10-24,2023-10-26,TACO BELL 3001043,Dining,17.18,,-17.18
2023-10-24,2023-10-25,STARBUCKS STORE 08692,Dining,4.23,,-4.23
2023-10-23,2023-10-25,TACO BELL 3001043,Dining,14.84,,-14.84
2023-10-23,2023-10-25,9596 BFIT BY BOB NEWBU,Entertainment,3.48,,-3.48
2023-10-23,2023-10-25,9596 BFIT BY BOB NEWBU,Entertainment,15,,-15
2023-10-23,2023-10-25,STARBUCKS STORE 08692,Dining,3.48,,-3.48
2023-10-23,2023-10-24,NPC NORTHEAST,Entertainment,42.42,,-42.42
2023-10-22,2023-10-24,MARATHON PETRO86397,Gas/Automotive,32.39,,-32.39
2023-10-22,2023-10-23,CVS/PHARMACY #06250,Health Care,2.24,,-2.24
2023-10-23,2023-10-23,Dicks Sporting Goods,Merchandise,20.31,,-20.31
2023-10-22,2023-10-23,BEST BUY 00002279,Merchandise,626.09,,-626.09
2023-10-21,2023-10-23,CVS/PHARMACY #06250,Health Care,12.87,,-12.87
2023-10-20,2023-10-23,9596 BFIT BY BOB NEWBU,Entertainment,35,,-35
2023-10-19,2023-10-20,WM SUPERCENTER #5728,Merchandise,54.28,,-54.28
2023-10-18,2023-10-19,IHOP #3775,Dining,21,,-21
2023-10-17,2023-10-18,AT&T 2538 2538,Merchandise,63.85,,-63.85
2023-10-16,2023-10-17,GOOGLE *Colab,Other Services,9.99,,-9.99
2023-10-14,2023-10-16,POPEYES 5660,Dining,28.03,,-28.03
2023-10-14,2023-10-16,UBER TRIP,Other Travel,17.26,,-17.26
2023-10-13,2023-10-14,SBARRO A,Dining,14.21,,-14.21
2023-10-13,2023-10-14,7-ELEVEN 32480,Gas/Automotive,7.48,,-7.48
2023-10-12,2023-10-14,7-ELEVEN 32480,Gas/Automotive,3.24,,-3.24
2023-10-12,2023-10-13,MBTA BOYLSTON,Other Travel,4.8,,-4.8
2023-10-12,2023-10-13,BUICK ST MARKET & CAFE,Other,8.99,,-8.99
2023-10-12,2023-10-13,7-ELEVEN 32480,Gas/Automotive,7.63,,-7.63
2023-10-11,2023-10-12,BUICK ST MARKET & CAFE,Other,8.99,,-8.99
2023-10-10,2023-10-11,MBTA BOYLSTON,Other Travel,20,,-20
2023-10-10,2023-10-11,BUICK ST MARKET & CAFE,Other,9.26,,-9.26
2023-10-10,2023-10-11,7-ELEVEN 32480,Gas/Automotive,8.33,,-8.33
2023-10-09,2023-10-11,NAN XIANG EXPRESS,Dining,68.21,,-68.21
2023-10-09,2023-10-10,UBER TRIP,Other Travel,14.23,,-14.23
2023-10-08,2023-10-10,7-ELEVEN 32480,Gas/Automotive,2.69,,-2.69
2023-10-08,2023-10-10,STAR OSCO 3588,Merchandise,105.01,,-105.01
2023-10-09,2023-10-10,UBER TRIP,Other Travel,17.93,,-17.93
2023-10-08,2023-10-09,COQUETTE SEAPORT,Dining,98.24,,-98.24
2023-10-07,2023-10-09,NAN XIANG EXPRESS,Dining,29.85,,-29.85
2023-10-07,2023-10-09,NAN XIANG EXPRESS,Dining,8.08,,-8.08
2023-10-06,2023-10-09,NAN XIANG EXPRESS,Dining,46.44,,-46.44
2023-10-06,2023-10-09,NAN XIANG EXPRESS,Dining,,14.93,14.93
2023-10-06,2023-10-09,NAN XIANG EXPRESS,Dining,14.93,,-14.93
2023-10-07,2023-10-09,SEE TICKETS *BRITTANY,Entertainment,32.22,,-32.22
2023-10-07,2023-10-09,INSOMNIA COOKIES- DOWN,Merchandise,12.63,,-12.63
2023-10-07,2023-10-09,BUICK ST MARKET & CAFE,Other,13.04,,-13.04
2023-10-07,2023-10-09,TST* Silvertone Bar &,Dining,6.42,,-6.42
2023-10-07,2023-10-09,EB BOSTON COMEDY CLUB,Other Services,17.85,,-17.85
2023-10-06,2023-10-07,CHA KUNG FONG,Dining,21.03,,-21.03
2023-10-06,2023-10-07,UBER TRIP,Other Travel,17.18,,-17.18
2023-10-04,2023-10-05,WARREN TOWERS,Merchandise,5.99,,-5.99
2023-10-04,2023-10-05,BUICK ST MARKET & CAFE,Other,8.78,,-8.78
2023-10-04,2023-10-05,UBER TRIP,Other Travel,14.45,,-14.45
2023-10-03,2023-10-04,BUICK ST MARKET & CAFE,Other,17.94,,-17.94
2023-10-02,2023-10-04,DUNKIN DONUTS @ 10 QPS,Dining,2.14,,-2.14
2023-10-02,2023-10-04,BU FITREC MOTO,Other,70.95,,-70.95
2023-10-02,2023-10-03,BUICK ST MARKET & CAFE,Other,16.15,,-16.15
2023-10-01,2023-10-02,IRASHAI SUSHI AND TERI,Dining,95,,-95
2023-10-01,2023-10-02,UBER TRIP,Other Travel,14.05,,-14.05
2023-09-30,2023-10-02,STAR OSCO 3588,Merchandise,135.4,,-135.4
2023-09-30,2023-10-02,TST* South Street Dine,Dining,69.28,,-69.28
2023-09-30,2023-10-02,BROOKLINE BOOKSMITH,Merchandise,16.95,,-16.95
2023-09-30,2023-10-02,BUICK ST MARKET & CAFE,Other,14.94,,-14.94
2023-09-30,2023-10-02,IMENUPRO,Merchandise,15,,-15
2023-09-29,2023-09-30,C-MART HERALD ST. INC.,Merchandise,37.54,,-37.54
2023-09-29,2023-09-30,BUICK ST MARKET & CAFE,Other,19.12,,-19.12
2023-09-29,2023-09-30,BUICK ST MARKET & CAFE,Other,8.99,,-8.99
2023-09-29,2023-09-29,CAPITAL ONE MOBILE PYMT,Payment/Credit,,2356.71,2356.71
2023-09-28,2023-09-29,MBTA BOYLSTON,Other Travel,20,,-20
2023-09-28,2023-09-29,BUICK ST MARKET & CAFE,Other,6.49,,-6.49
2023-09-28,2023-09-28,Amazon.com*T161I9011,Merchandise,49.12,,-49.12
2023-09-27,2023-09-28,AMZN Mktp US*T944A9ND2,Merchandise,31.86,,-31.86
2023-09-27,2023-09-28,RAISING CANES 0676 MOB,Dining,19.14,,-19.14
2023-09-26,2023-09-28,INSOMNIA COOKIES - BAC,Dining,3.16,,-3.16
2023-09-26,2023-09-27,TST* Cafe Landwer - Bo,Dining,26,,-26
2023-09-25,2023-09-26,BUICK ST MARKET & CAFE,Other,14.82,,-14.82
2023-09-25,2023-09-26,BUICK ST MARKET & CAFE,Other,6.69,,-6.69
2023-09-24,2023-09-26,STAR MARKET #3696,Merchandise,139.64,,-139.64
2023-09-24,2023-09-25,CHA KUNG FONG,Dining,9.58,,-9.58
2023-09-24,2023-09-25,BUICK ST MARKET & CAFE,Other,13.49,,-13.49
2023-09-23,2023-09-25,WHOLEFDS INK #10513,Merchandise,34.77,,-34.77
2023-09-23,2023-09-25,UBER TRIP,Other Travel,12.2,,-12.2
2023-09-23,2023-09-25,UBER TRIP,Other Travel,14.35,,-14.35
2023-09-23,2023-09-25,UBER TRIP,Other Travel,19.37,,-19.37
2023-09-21,2023-09-22,BUICK ST MARKET & CAFE,Other,27.09,,-27.09
2023-09-21,2023-09-22,TARGET 00032268,Merchandise,10.11,,-10.11
2023-09-21,2023-09-22,EB BOSTON COMEDY CLUB,Other Services,17.85,,-17.85
2023-09-21,2023-09-22,7-ELEVEN 32480,Gas/Automotive,16.11,,-16.11
2023-09-20,2023-09-21,WHOLEFDS INK #10513,Merchandise,32.83,,-32.83
2023-09-19,2023-09-20,UBER TRIP,Other Travel,13.24,,-13.24
2023-09-18,2023-09-20,INSOMNIA COOKIES-KENMO,Dining,5.08,,-5.08
2023-09-18,2023-09-19,BUICK ST MARKET & CAFE,Other,8.99,,-8.99
2023-09-18,2023-09-19,UBER TRIP,Other Travel,9.45,,-9.45
2023-09-17,2023-09-18,TRADER JOE S #510,Merchandise,123.64,,-123.64
2023-09-17,2023-09-18,MBTA BOYLSTON,Other Travel,20,,-20
2023-09-18,2023-09-18,BOS-BISQ,Dining,21.4,,-21.4
2023-09-17,2023-09-18,SQ *BEN & JERRY'S FENW,Dining,11,,-11
2023-09-16,2023-09-18,7-ELEVEN 32480,Gas/Automotive,5.63,,-5.63
2023-09-16,2023-09-18,TST* El Jefes Taqueria,Dining,11.29,,-11.29
2023-09-15,2023-09-18,AMTRAK AGE2580927607407,Other Travel,6.5,,-6.5
2023-09-16,2023-09-18,GOOGLE *Colab,Other Services,9.99,,-9.99
2023-09-15,2023-09-16,CVS/PHARMACY #05874,Health Care,42.49,,-42.49
2023-09-15,2023-09-16,KUALA LUMPUR INC,Dining,87.51,,-87.51
2023-09-15,2023-09-16,WANDERU USD,Other Travel,1,,-1
2023-09-15,2023-09-16,UBER TRIP,Other Travel,14.19,,-14.19
2023-09-14,2023-09-16,INSOMNIA COOKIES-KENMO,Dining,9.47,,-9.47
2023-09-14,2023-09-15,BUICK ST MARKET & CAFE,Other,8.99,,-8.99
2023-09-14,2023-09-14,TST* TATTE - SOUTH END,Dining,13.11,,-13.11
2023-09-13,2023-09-14,BUICK ST MARKET & CAFE,Other,22.48,,-22.48
2023-09-13,2023-09-14,UBER TRIP,Other Travel,13.16,,-13.16
2023-09-12,2023-09-14,7-ELEVEN 32480,Gas/Automotive,17.86,,-17.86
2023-09-12,2023-09-13,UBER TRIP,Other Travel,15.22,,-15.22
2023-09-11,2023-09-12,CVS/PHARMACY #11082,Health Care,5.99,,-5.99
2023-09-11,2023-09-12,C-MART HERALD ST. INC.,Merchandise,18.23,,-18.23
2023-09-12,2023-09-12,AMZN Mktp US*TR4XG9DI2,Merchandise,52.91,,-52.91
2023-09-11,2023-09-12,TARGET 00032268,Merchandise,61.72,,-61.72
2023-09-11,2023-09-12,UBER TRIP,Other Travel,17.02,,-17.02
2023-09-10,2023-09-11,MBTA BOYLSTON,Other Travel,20,,-20
2023-09-11,2023-09-11,UBER TRIP,Other Travel,21.52,,-21.52
2023-09-08,2023-09-11,BUILDBULKBURN CAFE,Merchandise,5.55,,-5.55
2023-09-10,2023-09-11,BUICK ST MARKET & CAFE,Other,15.68,,-15.68
2023-09-10,2023-09-11,DELTA 00642680462852,Airfare,30,,-30
2023-09-10,2023-09-11,SOUP SHACK,Dining,51.88,,-51.88
2023-09-07,2023-09-09,BUILDBULKBURN CAFE,Merchandise,5.55,,-5.55
2023-09-06,2023-09-07,NEWSLINK 13 BOS,Merchandise,6.4,,-6.4
2023-09-06,2023-09-07,UBER TRIP,Other Travel,30.28,,-30.28
2023-09-05,2023-09-06,CVS/PHARMACY #11082,Health Care,45.9,,-45.9
2023-09-05,2023-09-06,KUALA LUMPUR INC,Dining,69,,-69
2023-09-04,2023-09-06,STAR OSCO 3588,Merchandise,100.26,,-100.26
2023-09-05,2023-09-06,UBER TRIP,Other Travel,9.16,,-9.16
2023-09-04,2023-09-05,DUNKIN #310209 Q35,Dining,14.49,,-14.49
2023-09-04,2023-09-05,CVS/PHARMACY #01212,Health Care,3.04,,-3.04
2023-09-04,2023-09-05,CVS/PHARMACY #01212,Health Care,30.49,,-30.49
2023-09-04,2023-09-05,BUICK ST MARKET & CAFE,Other,24.56,,-24.56
2023-09-03,2023-09-05,SARKU JAPAN 022,Dining,20.18,,-20.18
2023-09-03,2023-09-04,TST* El Jefes Taqueria,Dining,14.26,,-14.26
2023-09-03,2023-09-04,BUICK ST MARKET & CAFE,Other,11.57,,-11.57
2023-09-03,2023-09-04,UBER EATS,Dining,18.4,,-18.4
2023-09-02,2023-09-04,LES RESTAURANT,Dining,48,,-48
2023-09-02,2023-09-04,WHOLEFDS INK #10513,Merchandise,17.66,,-17.66
2023-09-01,2023-09-04,BU FITREC MOTO,Other,70.95,,-70.95
2023-09-02,2023-09-02,TST* THE Q,Dining,164.34,,-164.34
2023-09-02,2023-09-02,AMZN Mktp US*T36725R21,Merchandise,130.25,,-130.25
2023-09-01,2023-09-02,SQ *BEN & JERRY'S FENW,Dining,9,,-9
2023-08-31,2023-09-01,CVS/PHARMACY #11201,Health Care,40.56,,-40.56
2023-08-31,2023-09-01,NORDSTROM RACK #0547,Merchandise,70.03,,-70.03
2023-09-01,2023-09-01,UBER TRIP,Other Travel,14.04,,-14.04
2023-08-31,2023-09-01,IMENUPRO,Merchandise,15,,-15
2023-08-31,2023-08-31,CAPITAL ONE MOBILE PYMT,Payment/Credit,,2672.81,2672.81
2023-08-30,2023-08-31,WHOLEFDS INK #10513,Merchandise,66.52,,-66.52
2023-08-29,2023-08-31,7-ELEVEN 32480,Gas/Automotive,16.45,,-16.45
2023-08-29,2023-08-30,DUNKIN #334914 Q35,Dining,7.6,,-7.6
2023-08-29,2023-08-30,U-HAUL TOLLS AND CITAT,Merchandise,1.7,,-1.7
2023-08-28,2023-08-29,DUNKIN #310209 Q35,Dining,4.49,,-4.49
2023-08-28,2023-08-29,UBER TRIP,Other Travel,33.77,,-33.77
2023-08-27,2023-08-28,TRADER JOE S #510,Merchandise,107.5,,-107.5
2023-08-27,2023-08-28,MBTA HYNES CONVTN,Other Travel,20,,-20
2023-08-27,2023-08-28,APPLE STORE #R149,Merchandise,41.44,,-41.44
2023-08-27,2023-08-28,TST* BB.Q CHICKEN USA,Dining,81.91,,-81.91
2023-08-25,2023-08-28,PHO VIETS,Dining,25.74,,-25.74
2023-08-26,2023-08-28,7-ELEVEN 32480,Gas/Automotive,7.8,,-7.8
2023-08-25,2023-08-28,MEET FRESH,Dining,6.42,,-6.42
2023-08-25,2023-08-28,STAR OSCO 3588,Merchandise,20.6,,-20.6
2023-08-27,2023-08-28,SQ *FIYA CHICKEN,Dining,39.61,,-39.61
2023-08-24,2023-08-26,7-ELEVEN 32480,Gas/Automotive,20.45,,-20.45
2023-08-24,2023-08-25,TARGET 00032268,Merchandise,5.43,,-5.43
2023-08-23,2023-08-25,INSOMNIA COOKIES-KENMO,Dining,12.63,,-12.63
2023-08-23,2023-08-24,MBTA BOYLSTON,Other Travel,20,,-20
2023-08-23,2023-08-24,C-MART HERALD ST. INC.,Merchandise,15.99,,-15.99
2023-08-23,2023-08-24,TARGET 00032268,Merchandise,9.22,,-9.22
2023-08-22,2023-08-24,INSOMNIA COOKIES-KENMO,Dining,12.63,,-12.63
2023-08-22,2023-08-23,UBER TRIP,Other Travel,14.81,,-14.81
2023-08-21,2023-08-22,TST* El Jefes Taqueria,Dining,11.24,,-11.24
2023-08-20,2023-08-22,RAISING CANES 0726,Dining,11.33,,-11.33
2023-08-20,2023-08-21,WHOLEFDS INK #10513,Merchandise,31.52,,-31.52
2023-08-21,2023-08-21,UBER TRIP,Other Travel,9.24,,-9.24
2023-08-19,2023-08-21,7-ELEVEN 32480,Gas/Automotive,22.04,,-22.04
2023-08-19,2023-08-21,TRADER JOE S #510,Merchandise,84.08,,-84.08
2023-08-19,2023-08-21,MBTA BOYLSTON,Other Travel,20,,-20
2023-08-19,2023-08-21,TARGET 00032268,Merchandise,77.03,,-77.03
2023-08-19,2023-08-21,BROWN SUGAR,Dining,35,,-35
2023-08-19,2023-08-21,TST* Giggling Rice,Dining,23.49,,-23.49
2023-08-18,2023-08-21,7-ELEVEN 37526,Gas/Automotive,13.87,,-13.87
2023-08-18,2023-08-21,STAR OSCO 3588,Merchandise,13.02,,-13.02
2023-08-17,2023-08-18,MCDONALD'S F17677,Dining,2.99,,-2.99
2023-08-17,2023-08-18,TARGET 00032268,Merchandise,35.23,,-35.23
2023-08-16,2023-08-17,C-MART HERALD ST. INC.,Merchandise,33.96,,-33.96
2023-08-15,2023-08-17,CHA KUNG FONG,Dining,14.12,,-14.12
2023-08-15,2023-08-17,BU FITREC ECOM,Other,58.91,,-58.91
2023-08-15,2023-08-16,TARGET 00032268,Merchandise,5.53,,-5.53
2023-08-14,2023-08-16,BU FITREC ECOM,Other,14,,-14
2023-08-15,2023-08-16,AMAZON.COM*TO2XB07O2 A,Merchandise,124.99,,-124.99
2023-08-14,2023-08-15,WHOLEFDS INK #10513,Merchandise,12.38,,-12.38
2023-08-14,2023-08-15,WHOLEFDS INK #10513,Merchandise,211.05,,-211.05
2023-08-14,2023-08-15,MBTA BOYLSTON,Other Travel,20,,-20
2023-08-14,2023-08-15,TARGET 00032268,Merchandise,9.61,,-9.61
2023-08-13,2023-08-15,U-HAUL CTR MASS AVE,Car Rental,120.54,,-120.54
2023-08-13,2023-08-15,U-HAUL CTR MASS AVE,Merchandise,16.95,,-16.95
2023-08-14,2023-08-15,JETBLUE 2794427734667,Airfare,150,,-150
2023-08-14,2023-08-15,JETBLUE 2794427733849,Airfare,60,,-60
2023-08-14,2023-08-15,JETBLUE 2794427733850,Airfare,35,,-35
2023-08-13,2023-08-15,RAISING CANES 0726,Dining,24.37,,-24.37
2023-08-13,2023-08-15,SFO MILLS CARGO,Merchandise,22.22,,-22.22
2023-08-14,2023-08-15,UBER TRIP,Other Travel,28.52,,-28.52
2023-08-14,2023-08-15,UBER TRIP,Other Travel,10.08,,-10.08
2023-08-13,2023-08-14,EXXON JOHN TAMVAKOLOGO,Gas/Automotive,20.39,,-20.39
2023-08-13,2023-08-14,GULF OIL 92042711,Gas/Automotive,1.89,,-1.89
2023-08-14,2023-08-14,UBER TRIP,Other Travel,54.58,,-54.58
2023-08-12,2023-08-14,MENUSTAR FOOD ONLINE,Other Services,20.1,,-20.1
2023-08-11,2023-08-14,MENUSTAR FOOD ONLINE,Other Services,31.93,,-31.93
2023-08-12,2023-08-14,CHIPOTLE 4110,Dining,20.4,,-20.4
2023-08-11,2023-08-14,FITNESS SF TRANSBAY,Entertainment,30,,-30
2023-08-11,2023-08-14,WALGREENS #4275,Health Care,18.8,,-18.8
2023-08-10,2023-08-11,CHIPOTLE 4110,Dining,39.3,,-39.3
2023-08-09,2023-08-11,FITNESS SF TRANSBAY,Entertainment,37,,-37
2023-08-10,2023-08-11,JETBLUE 2792130785438,Airfare,221.4,,-221.4
2023-08-09,2023-08-10,CHIPOTLE 4110,Dining,10.64,,-10.64
2023-08-09,2023-08-10,ALLIANZ TRAVEL INS,Insurance,25.07,,-25.07
2023-08-09,2023-08-09,CAPITAL ONE MOBILE PYMT,Payment/Credit,,600,600
2023-08-07,2023-08-09,5638 FORMA GYM ALMADEN,Entertainment,6,,-6
2023-08-07,2023-08-07,CREDIT-CASH BACK REWARD,Payment/Credit,,237.45,237.45
2023-08-06,2023-08-07,APPLE STORE R240,Merchandise,63.37,,-63.37
2023-08-05,2023-08-07,TACO BELL 30789,Dining,18.76,,-18.76
2023-08-05,2023-08-07,MELS DRIVE-IN 2,Dining,39.34,,-39.34
2023-08-05,2023-08-07,TROPISUENO,Dining,141,,-141
2023-08-04,2023-08-07,5638 FORMA GYM ALMADEN,Entertainment,6,,-6
2023-08-03,2023-08-05,MARUKAI MARKET,Merchandise,25.58,,-25.58
2023-08-03,2023-08-04,FIVE GUYS CA 1685 QSR,Dining,1.09,,-1.09
2023-08-02,2023-08-04,5638 FORMA GYM ALMADEN,Entertainment,6,,-6
2023-08-02,2023-08-04,SAFEWAY #2900,Merchandise,70.78,,-70.78
2023-08-02,2023-08-03,FIVE GUYS CA 1685 QSR,Dining,12.02,,-12.02
2023-08-01,2023-08-03,MARUKAI MARKET,Merchandise,70.22,,-70.22
2023-08-01,2023-08-03,NAYAX COPY SERVICES,Other Services,0.45,,-0.45
2023-08-01,2023-08-03,SAFEWAY #2900,Merchandise,100.31,,-100.31
2023-08-01,2023-08-03,SAFEWAY #2900,Merchandise,5.46,,-5.46
2023-08-02,2023-08-02,CAPITAL ONE MOBILE PYMT,Payment/Credit,,600,600
2023-08-01,2023-08-02,TARGET 00026054,Merchandise,53.25,,-53.25
2023-07-31,2023-08-02,CHICK-FIL-A #03924,Dining,21.31,,-21.31
2023-07-31,2023-08-02,5638 FORMA GYM ALMADEN,Entertainment,3.5,,-3.5
2023-08-01,2023-08-01,CHEVRON 0090038,Gas/Automotive,30.23,,-30.23
2023-07-31,2023-08-01,IMENUPRO,Merchandise,15,,-15
2023-07-31,2023-08-01,THAI SPICE OF LOS GATO,Dining,87,,-87
2023-07-30,2023-08-01,5638 FORMA GYM ALMADEN,Entertainment,65,,-65
2023-07-30,2023-07-31,BOSTON MARKET #1126,Dining,18.57,,-18.57
2023-07-30,2023-07-31,TARGET 00026054,Merchandise,48.3,,-48.3
2023-07-30,2023-07-31,IN N OUT BURGER 342,Dining,11.65,,-11.65
2023-07-30,2023-07-31,SQ *MAIN ST. BAGELS,Merchandise,2.41,,-2.41
2023-07-29,2023-07-31,RITE AID 05983,Health Care,1.99,,-1.99
2023-07-27,2023-07-29,SAFEWAY #2900,Merchandise,46.96,,-46.96
2023-07-26,2023-07-28,SAFEWAY #2900,Merchandise,34.18,,-34.18
2023-07-26,2023-07-28,SAFEWAY #2900,Merchandise,17.8,,-17.8
2023-07-25,2023-07-27,CHICK-FIL-A #03924,Dining,7.43,,-7.43
2023-07-26,2023-07-27,BROADWAY SAN FRANCISCO,Entertainment,364,,-364
2023-07-25,2023-07-25,FANDANGO,Entertainment,31.78,,-31.78
2023-07-23,2023-07-24,TRADER JOE S #063,Merchandise,58.82,,-58.82
2023-07-22,2023-07-24,MARUKAI MARKET,Merchandise,71.67,,-71.67
2023-07-21,2023-07-24,IHOP #3552,Dining,61,,-61
2023-07-22,2023-07-24,CHEVRON 0096336,Gas/Automotive,51.26,,-51.26
2023-07-21,2023-07-22,TRADER JOE S #062,Merchandise,37.22,,-37.22